,0
5075,western
32149,crime
7154,drama
4259,action
7548,drama
16555,horror
15630,action
13353,action
30711,action
17780,drama
17867,drama
30674,action
12486,drama
28587,drama
11960,crime
18718,drama
24070,romance
20495,crime
20274,adventure
7996,comedy
27520,drama
20160,drama
17028,comedy
13095,thriller
28126,drama
5600,comedy
33547,drama
25995,thriller
16457,drama
19504,crime
14166,thriller
22596,thriller
4068,drama
3505,western
18581,crime
13339,comedy
5727,comedy
30820,drama
11252,adventure
28113,drama
14785,drama
14628,drama
14459,adventure
23705,drama
26820,horror
34825,drama
16442,horror
25938,drama
18036,action
20688,action
26944,horror
14315,thriller
10794,action
4519,drama
14762,comedy
10566,thriller
3831,adventure
8344,horror
17872,drama
10504,comedy
4025,crime
3109,comedy
14585,comedy
24079,romance
8315,western
20857,thriller
14882,drama
6021,adventure
3321,drama
25097,romance
10515,drama
20069,drama
30648,romance
23918,western
8137,western
14289,drama
6256,comedy
5547,western
23860,crime
32207,western
26759,action
22173,drama
20026,drama
32594,romance
30699,romance
26109,romance
3055,comedy
32881,drama
9879,comedy
25935,comedy
5280,horror
22155,drama
24119,drama
14702,thriller
12928,comedy
33253,comedy
13602,romance
9170,comedy
14816,comedy
10898,horror
31772,romance
3464,comedy
10881,crime
26160,romance
5532,comedy
10897,drama
33589,thriller
24828,crime
23167,romance
26248,action
4832,crime
4653,drama
11204,drama
10957,comedy
25096,drama
11054,drama
3937,comedy
8310,comedy
8425,drama
12136,action
13831,crime
26048,crime
8970,crime
13310,romance
11223,horror
10469,drama
15165,adventure
16247,action
15872,drama
15870,comedy
13338,western
12169,crime
15079,comedy
31926,drama
16726,horror
11637,comedy
3466,action
7194,western
13680,drama
9290,thriller
10522,drama
15883,comedy
20806,adventure
30862,action
34850,comedy
22323,drama
22945,drama
10801,thriller
19115,western
16900,drama
10070,thriller
8109,comedy
25139,drama
25114,horror
4232,comedy
3992,drama
5667,comedy
8744,drama
12686,thriller
4634,comedy
20807,horror
10825,crime
21064,adventure
6929,western
4986,western
28715,romance
19503,drama
12333,drama
30665,drama
5535,comedy
9915,adventure
10087,horror
17009,horror
32467,action
34139,western
22343,horror
18960,thriller
17908,action
11895,horror
12696,action
11348,comedy
19286,adventure
13648,comedy
4237,comedy
8979,drama
9435,comedy
4839,western
10407,drama
9820,adventure
13136,adventure
21903,western
19537,drama
27082,romance
16173,drama
20308,crime
30631,thriller
19968,thriller
24823,comedy
25073,comedy
22301,comedy
21859,crime
4992,drama
3206,adventure
13255,western
16420,comedy
20223,horror
9214,thriller
32211,comedy
8484,drama
25696,romance
28082,drama
3184,comedy
22576,comedy
8025,western
12139,action
16167,comedy
32874,drama
15468,drama
27305,drama
18580,comedy
11816,comedy
19525,action
15111,thriller
28446,drama
34852,drama
5995,western
11768,horror
32286,romance
16354,thriller
7016,comedy
19649,drama
18618,comedy
3955,romance
11641,comedy
7746,adventure
19634,crime
5748,adventure
30625,horror
6649,western
34175,western
19595,comedy
9228,horror
32136,romance
19941,drama
17503,thriller
12250,drama
6487,drama
25079,romance
26829,action
9919,horror
13462,crime
9393,comedy
10295,drama
13866,drama
11170,horror
14123,comedy
22325,comedy
15737,thriller
32188,action
17936,comedy
6943,drama
28101,drama
25090,romance
6763,thriller
15011,action
34502,thriller
32723,action
8911,horror
22405,drama
13939,comedy
12962,comedy
8597,horror
24761,romance
11478,drama
21777,thriller
13202,comedy
9696,horror
3352,crime
32105,romance
7308,drama
7613,drama
18786,adventure
20701,drama
34863,drama
13820,comedy
8205,crime
9535,drama
19000,comedy
19589,drama
23767,drama
15249,comedy
6064,western
5837,action
4727,comedy
32784,western
26442,drama
28289,comedy
11274,action
6594,drama
14884,comedy
8952,western
20084,adventure
10846,comedy
3235,comedy
17295,adventure
7533,drama
10177,drama
5592,adventure
11728,drama
4336,comedy
8811,comedy
13005,horror
10953,crime
11945,comedy
20322,adventure
20092,romance
14692,comedy
10595,comedy
7752,romance
13221,horror
31693,drama
8904,horror
24790,drama
21832,drama
11910,drama
14499,thriller
22208,comedy
14643,drama
4244,drama
6937,drama
3075,western
32501,action
19179,western
20825,drama
7306,western
16202,comedy
19026,comedy
11315,crime
13266,crime
3273,action
19197,adventure
6662,drama
33315,drama
23640,comedy
19144,drama
12680,western
14770,western
10351,crime
25554,romance
10045,thriller
11769,comedy
7818,drama
16699,comedy
21045,romance
12946,thriller
19549,comedy
11099,comedy
6117,comedy
4748,western
32718,horror
12758,crime
20633,drama
10602,action
30615,romance
13673,comedy
5313,crime
33516,drama
19047,crime
19767,thriller
9255,horror
3371,drama
12033,comedy
12186,crime
10869,crime
25960,horror
9839,horror
3551,drama
12331,drama
12774,crime
13082,crime
28212,adventure
10140,horror
33505,comedy
11801,drama
14412,horror
15950,western
4853,adventure
13386,drama
6377,drama
16043,drama
14993,drama
17520,western
15623,comedy
18989,comedy
30725,comedy
12846,horror
10074,drama
12817,drama
9312,comedy
32326,drama
19898,thriller
5293,western
26850,romance
19679,crime
32813,drama
10537,thriller
24048,drama
16966,action
20293,comedy
6932,drama
5554,western
18782,crime
24086,drama
20608,comedy
15722,thriller
13772,comedy
19366,crime
28406,drama
31549,drama
15415,action
12679,thriller
7658,romance
19617,adventure
13364,action
27449,thriller
28734,thriller
19236,drama
24064,drama
6111,adventure
28293,romance
6801,drama
16520,comedy
9184,comedy
28586,romance
14587,horror
8601,comedy
11299,horror
21944,thriller
3649,comedy
34180,drama
9989,comedy
24882,drama
28056,comedy
12285,drama
33421,thriller
11344,drama
26971,thriller
12442,crime
23131,action
13920,romance
6206,crime
27405,romance
14131,comedy
10158,thriller
24067,thriller
22083,thriller
5726,comedy
30880,drama
13017,horror
7438,drama
4949,comedy
3680,adventure
23190,action
21864,comedy
19805,drama
24531,romance
19678,crime
24756,comedy
24757,romance
7025,adventure
26982,drama
19104,comedy
24930,romance
8489,drama
9892,drama
17288,drama
11896,crime
24096,drama
16066,drama
16492,thriller
10039,adventure
7296,drama
26015,comedy
7615,adventure
10081,drama
24864,romance
18813,crime
16848,thriller
22834,comedy
11842,crime
9178,drama
15461,action
23346,comedy
13889,western
5077,romance
7161,adventure
22348,horror
22401,drama
9416,comedy
20029,drama
14792,thriller
11414,comedy
15443,drama
21086,comedy
30761,drama
26774,romance
3827,drama
16261,western
5041,comedy
10913,comedy
7052,adventure
12970,comedy
15522,thriller
19827,drama
11995,drama
17825,thriller
32898,crime
9638,horror
22069,comedy
30677,romance
5039,comedy
7520,western
3408,drama
30762,action
8812,thriller
7963,drama
8593,action
6513,drama
6385,western
10456,comedy
10929,comedy
13432,comedy
22102,action
12282,thriller
6568,drama
24770,crime
11311,crime
24849,romance
22600,romance
21831,drama
11922,adventure
4767,comedy
3115,drama
15208,comedy
25433,horror
15631,horror
8568,drama
9192,western
16433,crime
20358,horror
6393,western
19669,crime
11310,comedy
19437,crime
9181,drama
13205,thriller
9506,adventure
20775,horror
31215,thriller
10964,drama
12306,horror
8346,thriller
14657,drama
28256,comedy
4421,comedy
18006,action
21981,western
12733,drama
9613,crime
10703,drama
13715,comedy
21065,drama
17384,drama
11272,crime
7345,adventure
5551,adventure
27365,drama
25002,drama
33173,comedy
22539,thriller
31759,romance
25777,drama
3236,comedy
5018,crime
8402,comedy
10472,comedy
5216,western
8973,horror
9195,comedy
12708,comedy
16746,comedy
23965,romance
4459,western
34865,comedy
22473,drama
18636,crime
17231,drama
14095,comedy
15113,horror
4290,drama
11145,western
12881,thriller
8972,drama
14747,horror
6683,crime
3600,drama
22588,action
11413,western
21745,comedy
32310,romance
20453,drama
26417,drama
22731,drama
10842,comedy
19049,romance
3570,romance
19276,drama
9817,drama
13690,action
21031,thriller
12193,crime
5360,drama
15002,comedy
14016,horror
15060,horror
28701,drama
22180,adventure
19919,comedy
16631,drama
19014,drama
8671,crime
20213,adventure
11388,action
8622,crime
33722,western
20193,crime
19966,comedy
10886,drama
8563,drama
32219,romance
3590,western
11309,comedy
16163,action
14608,horror
8618,drama
19538,romance
18877,western
18949,drama
9425,action
12957,comedy
5653,comedy
18942,crime
18802,crime
20610,drama
13948,drama
5113,drama
11457,action
16465,thriller
5100,western
18038,thriller
8070,drama
9196,comedy
23658,drama
16960,crime
18844,western
21741,horror
10510,horror
12644,horror
10551,action
5997,adventure
17117,comedy
17387,comedy
5800,adventure
23364,crime
21514,adventure
32102,romance
32456,thriller
28556,drama
32104,romance
8013,comedy
12651,horror
18983,comedy
18602,comedy
20814,thriller
13381,horror
11980,crime
9738,horror
28672,action
25638,romance
24825,comedy
18920,crime
28104,drama
9913,horror
32600,romance
19770,crime
10513,horror
6564,crime
12372,comedy
5993,comedy
10401,drama
10079,comedy
9698,thriller
10569,crime
6163,western
32287,thriller
14659,comedy
18869,drama
19424,thriller
28167,thriller
25686,thriller
17341,comedy
9569,drama
11899,comedy
12497,comedy
22498,drama
16511,thriller
18624,comedy
24860,drama
9268,horror
15606,thriller
20393,comedy
18892,comedy
12719,comedy
13983,comedy
13447,drama
7347,western
11461,comedy
13501,drama
16519,thriller
14458,comedy
11399,action
24062,drama
32673,romance
24872,drama
33629,horror
22978,action
14522,horror
34130,drama
30643,western
22335,drama
3925,comedy
33021,crime
23760,comedy
5850,drama
30746,drama
12700,comedy
3576,comedy
30790,romance
5288,western
20464,comedy
18694,comedy
20147,adventure
10502,comedy
30689,action
10118,comedy
19449,horror
17659,drama
16170,comedy
14744,comedy
4036,comedy
25221,drama
12788,comedy
9765,drama
8585,western
19245,comedy
15297,comedy
16179,comedy
32620,romance
6540,comedy
8155,drama
30870,romance
11106,action
14416,drama
30836,action
8212,thriller
32396,comedy
9204,thriller
13400,horror
16605,thriller
3561,adventure
10259,comedy
15843,comedy
6742,adventure
31186,romance
12090,drama
19333,crime
19585,horror
12512,comedy
5587,adventure
28534,drama
8977,comedy
9280,action
3904,horror
14636,horror
12536,drama
11518,thriller
14848,adventure
15180,drama
31402,action
22188,thriller
10904,drama
3247,horror
12586,horror
17753,comedy
8919,drama
5331,action
19281,drama
22878,adventure
11425,thriller
12147,crime
3577,drama
15313,horror
9833,horror
6997,western
17775,crime
26280,drama
4510,western
27453,romance
22045,drama
12873,horror
21769,adventure
3364,comedy
8345,comedy
7840,thriller
28384,comedy
22382,comedy
33594,crime
20553,crime
15741,comedy
33731,drama
24158,drama
15306,drama
25677,comedy
25900,crime
19112,crime
20704,drama
12865,thriller
15956,drama
6062,crime
18825,western
14026,drama
7666,drama
28240,thriller
24835,drama
31240,thriller
31221,drama
6872,adventure
23703,comedy
10062,comedy
19717,adventure
7093,western
6620,comedy
26655,action
23793,romance
12936,horror
15189,comedy
26066,comedy
19653,drama
6691,adventure
13096,comedy
27444,romance
16592,adventure
12748,crime
16427,comedy
24866,action
3572,comedy
15802,comedy
32804,drama
10015,horror
12454,drama
24039,romance
15319,drama
4288,comedy
10752,thriller
8829,horror
12128,comedy
23912,comedy
8672,western
17839,adventure
4941,thriller
13007,drama
26662,romance
17943,thriller
19893,comedy
5405,comedy
26991,drama
6153,drama
14683,drama
15223,comedy
10984,comedy
21059,drama
5125,drama
3903,comedy
9550,thriller
12078,thriller
31642,romance
26955,western
27558,romance
28181,drama
3982,comedy
19793,romance
7635,horror
4487,comedy
11872,crime
16260,crime
13973,comedy
4470,thriller
25746,action
7122,action
15169,thriller
8080,western
21860,western
9147,drama
16177,thriller
19682,comedy
8436,romance
32384,romance
13318,comedy
20963,comedy
11836,adventure
17253,drama
11904,crime
11740,comedy
3526,comedy
24781,romance
8143,thriller
28535,romance
14400,drama
16942,action
17968,romance
10589,comedy
11053,action
12326,comedy
13641,drama
13821,thriller
10666,drama
30793,romance
27321,romance
16934,horror
20580,drama
19674,drama
19877,adventure
25904,drama
24012,romance
13059,action
7805,comedy
8037,romance
7549,drama
10124,comedy
11276,comedy
34510,horror
26112,romance
22580,romance
34173,adventure
20536,drama
8250,drama
17826,horror
4231,thriller
23929,crime
7035,drama
32740,drama
32700,romance
3294,horror
20476,drama
32628,action
18867,thriller
16404,drama
5108,western
14283,drama
10192,drama
8893,drama
11791,western
22417,horror
17700,drama
15523,comedy
12863,thriller
14875,drama
6093,western
6085,adventure
7798,adventure
8139,western
12308,thriller
19444,drama
6993,adventure
6154,action
7023,drama
4944,comedy
30619,action
16564,romance
14954,horror
32372,romance
13795,comedy
12738,drama
4026,crime
21979,drama
4530,drama
9783,horror
15018,horror
9523,adventure
19849,drama
5245,crime
25062,adventure
11932,comedy
13675,drama
11456,crime
34822,romance
8822,drama
4746,drama
13512,thriller
3978,crime
12769,comedy
14572,adventure
12030,horror
19326,crime
21079,thriller
12358,thriller
5604,drama
32333,romance
19830,drama
16518,thriller
7254,western
7128,western
20648,comedy
9291,western
9401,drama
33290,comedy
26028,drama
8752,romance
16637,thriller
9925,horror
5911,drama
32892,horror
12689,thriller
34312,drama
6525,comedy
4546,adventure
14591,comedy
6920,drama
23741,crime
21712,crime
10152,crime
10650,crime
7429,drama
7475,comedy
4264,drama
32493,romance
5032,thriller
26787,action
13857,thriller
9462,comedy
17949,crime
11785,action
3809,adventure
22050,comedy
25835,romance
14087,drama
16199,comedy
11928,crime
5498,western
32118,action
3307,western
18992,thriller
10918,thriller
17610,romance
28593,romance
24019,drama
15302,romance
20656,drama
34829,drama
12791,comedy
14684,comedy
10970,horror
11902,thriller
11817,crime
6508,crime
5828,crime
17984,drama
10100,horror
9165,adventure
19695,comedy
19663,comedy
6752,crime
28339,comedy
5873,horror
19720,adventure
9209,horror
17972,comedy
11256,drama
6031,western
12010,drama
12704,comedy
19213,comedy
19358,drama
20810,horror
17377,adventure
21915,thriller
7741,comedy
20080,drama
13943,western
34818,romance
32187,action
6963,western
19436,comedy
8462,drama
5080,western
5743,comedy
13951,comedy
7365,drama
28456,comedy
19588,drama
17697,thriller
25516,romance
26012,drama
3498,crime
23246,crime
6541,comedy
32159,drama
19911,drama
13558,drama
11481,action
24529,romance
8660,drama
10840,comedy
27016,comedy
13120,horror
22475,drama
17306,comedy
8111,adventure
14432,drama
18910,western
3324,comedy
17875,comedy
25235,drama
25089,comedy
16248,drama
15565,comedy
11353,comedy
13215,drama
9278,thriller
24776,romance
4296,comedy
15833,crime
25913,action
26367,drama
9797,comedy
7878,adventure
18946,horror
4737,thriller
4418,western
21819,drama
16985,thriller
3384,thriller
5905,adventure
20489,drama
11645,crime
4597,drama
16792,comedy
13712,comedy
21012,drama
5974,horror
4249,crime
12768,thriller
18703,drama
13157,comedy
10454,action
31263,crime
19135,crime
6456,comedy
13524,comedy
32566,romance
32614,action
26671,romance
9219,comedy
22295,comedy
10016,action
7914,crime
18026,western
5878,adventure
24085,romance
17725,crime
13158,adventure
19514,romance
4020,adventure
9140,crime
20691,crime
10475,drama
5887,comedy
28445,comedy
33735,thriller
17584,crime
26719,drama
31420,action
20194,adventure
15171,crime
22119,romance
30743,romance
3667,horror
14921,drama
34152,drama
28482,adventure
2995,drama
11035,horror
11328,horror
33310,horror
24850,drama
6825,drama
15219,comedy
12590,comedy
4331,horror
18895,thriller
11100,horror
11830,comedy
21966,comedy
17811,drama
7428,drama
17001,drama
25217,romance
4643,crime
13022,comedy
24009,drama
26924,action
32699,romance
4875,comedy
7578,adventure
22098,drama
11471,drama
13151,drama
10207,crime
3854,comedy
6214,crime
8925,adventure
9283,comedy
19310,comedy
16031,comedy
26879,thriller
15662,comedy
34186,drama
10829,comedy
20921,drama
28081,action
11496,drama
12611,comedy
4568,thriller
28343,drama
6520,western
5084,western
9381,horror
22223,horror
17885,drama
27400,drama
10961,comedy
14582,comedy
8964,comedy
8674,drama
4040,action
8710,drama
14598,comedy
28100,comedy
32473,romance
12052,drama
28736,comedy
20103,adventure
20625,crime
22603,drama
17963,drama
28708,romance
5898,horror
15624,thriller
13274,horror
11781,drama
17993,drama
13475,drama
5480,western
12077,action
32173,action
24959,action
6128,adventure
16767,comedy
9705,horror
7550,romance
8613,comedy
20303,crime
3829,comedy
26632,drama
20780,crime
7311,adventure
18959,crime
7197,adventure
7671,comedy
14555,comedy
20130,drama
19228,comedy
28678,drama
21046,comedy
31331,romance
18965,crime
6347,western
13112,adventure
26058,romance
9456,western
4736,drama
31553,drama
30612,romance
11714,action
19106,thriller
30782,romance
9946,comedy
5684,western
19215,crime
22450,drama
8131,thriller
11437,western
19455,drama
4846,western
28096,romance
13597,western
32535,romance
24998,drama
33705,action
6985,drama
11180,adventure
24780,adventure
20179,drama
9148,drama
11705,drama
7945,comedy
16894,drama
5934,drama
32393,thriller
16867,thriller
31582,romance
5552,thriller
9789,drama
31118,romance
12682,comedy
8332,comedy
15457,comedy
13486,action
22513,action
20012,drama
12041,drama
13211,thriller
19994,drama
4889,comedy
26950,crime
6415,drama
7772,horror
12718,romance
26899,drama
15832,comedy
26687,drama
6018,western
20309,western
31393,comedy
4966,adventure
17539,western
9376,drama
22935,crime
12988,comedy
15112,horror
31636,romance
6365,western
28156,romance
11664,comedy
19492,drama
30881,romance
32094,romance
20609,action
20480,thriller
12674,comedy
4707,western
7115,western
6287,drama
3697,drama
20804,horror
18596,comedy
8751,horror
5610,crime
16995,comedy
12340,adventure
19363,drama
3019,drama
6913,adventure
12969,comedy
4226,drama
22784,comedy
28821,romance
20019,romance
32724,romance
22550,drama
24031,drama
21770,comedy
21841,drama
24878,drama
22453,drama
28251,drama
32203,romance
15525,horror
14837,comedy
16127,drama
23998,comedy
26656,comedy
19552,thriller
22236,crime
3894,adventure
30748,drama
13225,drama
13216,comedy
20845,drama
32489,horror
3035,crime
20839,thriller
5420,western
17490,thriller
19113,drama
6797,drama
5469,western
3076,comedy
5050,western
31615,romance
6760,crime
22391,thriller
7790,romance
31577,drama
8598,western
24759,thriller
3601,comedy
8850,crime
7556,drama
17045,action
32205,action
26664,drama
8798,action
20563,drama
31164,romance
6229,crime
12646,drama
30789,romance
6885,adventure
13366,crime
4984,western
5462,thriller
9922,drama
7731,horror
6123,western
17975,drama
23228,action
3200,western
16366,thriller
20706,crime
31632,romance
17882,comedy
7528,romance
10750,action
3805,western
32836,crime
12351,thriller
10494,comedy
9309,crime
9605,comedy
32403,drama
4058,comedy
4801,western
20859,drama
10009,drama
7434,thriller
9222,crime
19200,romance
28599,action
26799,comedy
18749,adventure
7663,adventure
4085,western
18903,crime
13565,comedy
6886,comedy
10228,action
16731,horror
25586,crime
20203,western
7618,thriller
21922,drama
9395,drama
23933,comedy
8577,comedy
4894,drama
4627,crime
25237,drama
12402,adventure
17681,romance
32380,romance
12433,comedy
30724,action
15712,thriller
32120,romance
15071,drama
5589,adventure
25337,drama
6173,western
30617,action
3418,comedy
28595,thriller
12498,horror
8571,thriller
3222,drama
20097,drama
28273,action
15424,thriller
23245,drama
17473,horror
3462,drama
14025,comedy
3918,romance
20556,adventure
27368,drama
19357,crime
14468,action
13218,drama
7797,thriller
22181,drama
18632,adventure
9749,drama
6595,drama
9590,horror
10876,comedy
27010,action
15563,drama
4484,crime
13660,drama
12472,romance
19780,drama
31781,romance
6277,drama
25072,romance
24877,action
32708,romance
23317,crime
9208,western
10806,action
31556,drama
28843,romance
19391,thriller
17998,romance
23975,drama
15711,drama
23664,adventure
19334,thriller
16317,comedy
5157,crime
19645,drama
18713,drama
12397,thriller
27490,action
32321,drama
22903,romance
23402,horror
10576,crime
8817,drama
25076,drama
10763,thriller
14028,action
2994,western
5490,western
25979,drama
4242,western
7238,thriller
20748,adventure
12019,action
13640,horror
12192,thriller
9617,comedy
15388,comedy
9808,western
13603,crime
20542,thriller
20391,horror
20697,horror
32113,romance
14903,comedy
23890,drama
9924,comedy
8996,western
15649,horror
24091,action
4672,western
6581,crime
19461,adventure
12392,horror
3650,comedy
6782,crime
17942,drama
32201,drama
21865,crime
17656,romance
6737,drama
12452,thriller
25662,western
19037,thriller
4780,western
26272,horror
17615,drama
19110,comedy
15895,drama
6454,comedy
12640,comedy
20062,horror
10885,horror
11699,comedy
22247,drama
23243,crime
23888,western
12127,crime
27402,romance
19723,comedy
7463,drama
17765,drama
16369,drama
22955,drama
23273,drama
13762,drama
19420,comedy
20971,crime
10013,drama
13654,romance
13162,action
24885,action
5721,comedy
30819,action
8317,drama
10460,comedy
19360,adventure
14270,comedy
16083,drama
10426,action
14512,adventure
34342,horror
25658,action
3344,drama
31158,romance
32638,comedy
11239,comedy
12122,horror
3666,comedy
24793,comedy
22397,horror
5766,comedy
4921,comedy
7396,comedy
14128,horror
13348,horror
31178,romance
6601,western
10419,comedy
12386,action
13582,comedy
11375,drama
8589,drama
13590,drama
12478,thriller
5011,comedy
10059,romance
10209,action
5915,western
3230,horror
20479,comedy
13514,drama
19423,crime
32589,action
31386,comedy
12468,comedy
3368,comedy
19439,comedy
28805,adventure
19579,thriller
16635,comedy
30866,comedy
22445,drama
4273,drama
17955,drama
7220,comedy
11678,comedy
10076,drama
25953,action
17330,crime
12461,comedy
12496,comedy
19607,horror
12404,drama
10384,comedy
4720,drama
17062,comedy
18856,comedy
13593,comedy
4891,drama
31052,romance
24115,action
16730,comedy
13072,drama
5972,adventure
13981,crime
18891,crime
5349,western
3106,comedy
7588,thriller
9736,comedy
7712,horror
20349,comedy
9666,crime
33363,drama
6970,romance
19879,crime
28716,adventure
10632,comedy
32110,drama
28709,action
16711,comedy
25748,action
3645,comedy
16740,thriller
17883,comedy
6033,comedy
5875,western
26753,comedy
17951,adventure
26811,romance
16963,comedy
13337,drama
11294,comedy
15505,comedy
25985,thriller
15229,adventure
28073,drama
7547,western
10485,crime
7183,drama
33569,comedy
4310,comedy
34824,drama
13219,crime
11927,comedy
13433,crime
4113,crime
8048,western
22126,adventure
24185,romance
19624,thriller
26123,thriller
11327,comedy
14301,comedy
13374,western
8429,western
30650,action
16324,horror
17511,crime
7360,thriller
17767,drama
11598,drama
4088,drama
6758,western
14178,crime
17807,western
18872,adventure
28540,romance
32374,action
33998,drama
13869,comedy
27093,drama
20577,thriller
10339,comedy
21748,comedy
19125,comedy
7621,drama
15486,horror
20508,thriller
26426,crime
6330,action
19069,crime
20108,horror
11957,comedy
12592,drama
15675,comedy
7224,horror
19630,thriller
12469,action
32305,drama
12800,adventure
21855,drama
26995,horror
10862,horror
19955,comedy
10283,comedy
7412,adventure
21055,horror
33698,action
23844,comedy
21039,horror
19176,drama
7271,western
28114,action
6524,western
8685,action
26822,romance
3196,crime
19521,crime
28150,thriller
3207,adventure
21069,thriller
30855,action
19109,crime
20076,drama
17027,horror
27447,romance
26697,romance
3069,comedy
32408,romance
4356,comedy
11380,comedy
28353,romance
21088,drama
24306,romance
17844,horror
6879,action
28481,comedy
3907,comedy
22937,romance
18940,drama
11168,drama
13257,crime
32221,drama
20467,thriller
17429,comedy
4437,comedy
15194,romance
27370,comedy
4451,crime
15198,drama
3164,comedy
25131,action
8193,thriller
14503,comedy
23869,drama
21409,western
23570,thriller
4655,crime
21797,action
12063,western
20169,adventure
15888,action
6670,drama
7353,western
9265,thriller
14638,drama
6638,comedy
20449,drama
28414,thriller
11171,drama
20634,crime
32390,romance
10390,horror
14715,drama
4835,drama
8217,comedy
25814,horror
12903,drama
22161,action
3754,comedy
11588,drama
11720,comedy
20965,comedy
17912,thriller
13437,drama
8383,romance
11859,crime
13955,comedy
24036,drama
13260,thriller
12490,thriller
24763,adventure
14212,action
21935,western
4182,drama
12851,drama
11387,action
17937,horror
19101,thriller
15496,horror
17940,western
9473,drama
26791,drama
23883,romance
4241,crime
16803,horror
10230,comedy
23621,romance
10741,comedy
5305,western
4729,comedy
11695,action
10097,drama
25978,romance
32212,romance
11027,horror
10280,adventure
19567,comedy
14745,thriller
32570,action
20436,drama
19640,drama
25982,drama
6070,adventure
14492,comedy
33678,horror
25894,crime
5885,thriller
11267,action
5688,comedy
10111,comedy
9368,drama
15003,thriller
14140,comedy
5247,western
3051,adventure
16941,comedy
3058,comedy
15323,drama
19428,crime
6548,comedy
12237,comedy
10625,horror
11573,adventure
6799,adventure
5563,adventure
8144,western
25402,western
20346,thriller
3212,comedy
27469,drama
4659,western
12572,western
3687,thriller
9854,adventure
28597,action
26016,romance
16230,adventure
32284,romance
17835,drama
9352,drama
20956,romance
12940,romance
28281,romance
24023,drama
10373,adventure
6624,crime
11434,horror
8330,western
15470,comedy
19833,adventure
3788,comedy
4159,drama
9599,crime
3558,adventure
22483,comedy
11056,drama
8747,crime
20678,drama
12286,comedy
9874,comedy
4703,adventure
25141,comedy
20124,thriller
8693,comedy
6084,crime
15900,crime
12324,western
16929,comedy
28590,drama
18014,drama
12382,comedy
22492,drama
32072,romance
16284,comedy
5706,comedy
16289,thriller
22541,drama
11732,action
3168,western
32780,action
5298,western
6926,comedy
32532,romance
10993,horror
7454,thriller
20055,thriller
9371,horror
11596,comedy
28065,crime
8135,horror
14789,thriller
12491,drama
7288,comedy
10418,western
20394,drama
15234,horror
26954,drama
6630,western
7042,comedy
4733,western
13068,crime
11636,drama
7530,crime
24874,comedy
17911,adventure
22940,drama
12727,drama
18689,comedy
18970,crime
25299,romance
5742,drama
8807,adventure
28062,comedy
7933,romance
19569,comedy
13823,drama
13467,comedy
4428,comedy
19927,drama
25155,crime
13295,crime
31370,action
13155,drama
19417,crime
10437,adventure
18577,drama
12831,crime
12974,crime
31547,drama
5813,western
32234,romance
7923,thriller
21017,drama
19282,comedy
32109,romance
16568,horror
9840,thriller
6063,adventure
23194,adventure
22152,comedy
8651,comedy
4095,crime
12578,action
5494,western
32354,romance
8418,western
26157,action
13672,drama
13726,action
5174,crime
3824,drama
13331,drama
24069,romance
7282,comedy
24945,drama
18719,drama
4995,drama
6633,western
3073,drama
18878,comedy
18987,thriller
9282,comedy
16232,crime
4465,thriller
30611,action
8658,drama
12990,comedy
10211,horror
7698,horror
5924,thriller
12176,crime
32650,romance
19527,thriller
15266,crime
20403,drama
6887,comedy
16150,horror
3584,comedy
9433,action
16737,action
14599,thriller
15546,action
8606,crime
9415,western
33282,horror
14528,comedy
11666,drama
7226,action
10937,thriller
31561,drama
20433,adventure
4695,adventure
24789,drama
11743,thriller
19301,crime
20211,drama
5169,comedy
34843,drama
19721,horror
21406,comedy
32407,romance
19980,comedy
13975,horror
32846,drama
7566,crime
26260,drama
17760,comedy
26470,drama
31703,drama
20280,thriller
21802,adventure
3970,comedy
3338,action
16165,horror
33666,comedy
4694,crime
18846,drama
33733,crime
4131,adventure
32896,action
8507,western
24566,drama
10202,romance
19687,adventure
8030,drama
15168,comedy
19760,crime
3221,comedy
26049,drama
12574,comedy
34299,comedy
12240,crime
4067,crime
12438,thriller
16245,western
8201,romance
9883,drama
13030,drama
9995,comedy
12833,drama
16710,thriller
9636,crime
32179,romance
20219,thriller
7387,comedy
28259,drama
17987,romance
14742,drama
5747,comedy
26045,comedy
12730,drama
13308,comedy
11630,action
14712,crime
13865,comedy
16485,crime
15532,comedy
6940,western
15030,comedy
8322,comedy
26762,romance
21096,adventure
22081,horror
8008,crime
17799,drama
14687,crime
19675,thriller
11958,horror
14480,drama
10907,drama
13518,horror
25840,romance
26037,romance
7106,western
17554,crime
17041,comedy
7563,adventure
8617,drama
4874,action
13322,horror
19491,horror
16774,comedy
11762,comedy
9816,drama
8761,western
28885,romance
6965,romance
17498,crime
12214,drama
7989,drama
32525,romance
19488,drama
13708,horror
8194,crime
12744,drama
6706,drama
6759,crime
11422,thriller
5172,comedy
13711,comedy
34853,drama
27315,romance
15827,drama
4332,horror
12755,crime
16193,drama
32471,action
12040,comedy
19654,romance
32613,action
34492,thriller
6537,crime
20207,crime
12594,crime
9905,adventure
33289,thriller
10873,adventure
32733,action
11680,drama
5700,western
22535,drama
11318,comedy
9707,drama
32452,romance
14139,adventure
17632,crime
17692,comedy
13292,drama
14976,crime
12352,action
10017,drama
14429,comedy
5825,western
17599,comedy
7303,western
7992,adventure
5444,western
3180,comedy
5248,adventure
11389,crime
26418,romance
25166,comedy
7890,drama
10808,action
7903,western
20948,thriller
25466,drama
25083,action
13860,thriller
9882,horror
34195,romance
13143,thriller
19807,drama
7735,comedy
19545,comedy
32389,action
5127,drama
13413,drama
9289,western
9699,drama
12373,romance
15031,thriller
7034,crime
26259,western
24794,thriller
20849,horror
20037,crime
32646,action
5987,adventure
12026,drama
6485,comedy
4227,comedy
12024,drama
8029,comedy
7869,comedy
21839,romance
18924,thriller
34860,drama
32300,action
18822,crime
11097,drama
15206,comedy
5975,adventure
4604,western
9545,thriller
16922,action
12553,crime
26900,romance
12138,thriller
28050,drama
7956,drama
4954,comedy
19992,drama
12670,comedy
31096,drama
7944,western
33528,adventure
6009,drama
4817,adventure
22327,crime
18981,comedy
15352,comedy
7633,western
15909,horror
30705,action
12931,crime
28334,drama
19294,crime
20747,crime
7570,drama
22091,drama
19535,western
11667,comedy
15092,action
6684,western
25070,romance
18650,crime
21911,drama
25830,western
31439,action
5889,thriller
19546,western
30645,drama
6880,adventure
3876,western
27428,drama
11979,crime
28772,romance
8092,comedy
14445,comedy
12826,comedy
23953,thriller
9906,crime
8956,crime
30744,drama
7119,adventure
10875,thriller
12500,romance
7461,drama
5467,comedy
8843,horror
13688,crime
5702,romance
19042,crime
13243,horror
19462,action
11105,thriller
15275,horror
4166,drama
9604,crime
7919,thriller
7542,crime
8094,drama
19865,adventure
15826,drama
10738,comedy
17878,crime
18585,comedy
20940,drama
13270,comedy
27517,crime
28873,drama
20439,drama
8581,drama
12923,western
8164,drama
16328,drama
8368,drama
15481,drama
24845,drama
32459,horror
19220,comedy
32070,romance
8620,western
24184,drama
3084,adventure
12549,adventure
32170,action
15508,horror
19694,adventure
14887,comedy
32814,drama
4841,thriller
6533,thriller
34048,horror
17436,drama
14871,drama
3800,comedy
5382,drama
7416,comedy
13380,action
11336,romance
17996,romance
16644,thriller
22733,drama
3322,comedy
7909,comedy
18930,crime
32174,action
16267,action
16412,comedy
15093,comedy
3415,crime
33241,drama
7859,horror
24875,comedy
7433,drama
24007,action
32339,action
3027,comedy
14460,thriller
7647,drama
28464,romance
14552,drama
20524,comedy
26269,drama
18601,adventure
7757,comedy
10386,comedy
13463,comedy
19862,drama
12362,action
32409,romance
27420,drama
20423,adventure
3315,comedy
34874,drama
21926,drama
20345,action
5255,comedy
28138,drama
17352,comedy
16897,thriller
10435,horror
32099,romance
16581,drama
26024,action
6143,drama
11651,comedy
7127,drama
13131,horror
5470,drama
4523,drama
17784,drama
16727,thriller
4144,crime
5234,comedy
7592,thriller
7571,drama
16769,action
17935,drama
12924,action
34524,comedy
10028,horror
6836,drama
26103,crime
9739,adventure
8657,western
24788,romance
33426,thriller
9652,comedy
20989,romance
6424,western
20821,comedy
14107,drama
30731,romance
12309,thriller
4172,western
14981,crime
12100,thriller
27058,thriller
24043,romance
3869,horror
5005,western
5429,comedy
8034,western
3088,crime
32843,drama
11784,horror
19076,thriller
33114,drama
5254,adventure
22305,horror
8364,western
20053,comedy
34121,drama
7851,crime
8869,adventure
33809,adventure
27398,comedy
26642,drama
28124,thriller
5155,drama
13901,comedy
13683,comedy
31659,drama
11572,drama
25654,comedy
25642,action
8284,crime
6386,drama
13608,drama
21964,comedy
32982,crime
8941,comedy
7089,western
31682,drama
13285,comedy
6528,western
31166,romance
32215,romance
32202,drama
30840,action
13224,drama
11446,action
8128,crime
28207,drama
11511,drama
22989,action
20268,thriller
17296,drama
4960,romance
3714,drama
20725,comedy
32290,action
10345,thriller
7680,drama
12632,drama
19075,crime
21874,horror
19688,comedy
17619,drama
8044,comedy
22239,comedy
16747,thriller
19474,action
17638,drama
13829,thriller
28512,drama
3581,crime
27017,drama
25242,action
23229,horror
9863,comedy
14880,comedy
4311,adventure
6580,western
6949,drama
10048,horror
30715,romance
3008,comedy
17201,comedy
4620,adventure
3605,crime
6177,western
17075,adventure
13924,comedy
18956,drama
14071,drama
13671,comedy
14510,drama
7165,thriller
17891,drama
6694,drama
19412,thriller
26927,drama
31442,romance
19707,western
17992,drama
24811,romance
33384,drama
17868,horror
16255,horror
12884,comedy
30844,action
11862,drama
5461,western
34078,action
17282,drama
9179,thriller
22438,western
17717,comedy
19251,adventure
26985,drama
18780,comedy
14006,western
19390,drama
15703,drama
6251,drama
34015,comedy
4940,crime
15397,thriller
18641,comedy
33361,thriller
11484,thriller
6107,adventure
11567,drama
14437,comedy
15852,horror
14614,comedy
30688,romance
23610,comedy
32085,romance
12559,action
11219,action
12889,drama
10778,horror
14387,comedy
11889,adventure
12885,comedy
5591,adventure
4901,adventure
16647,adventure
17022,comedy
6055,drama
18916,thriller
19563,crime
19202,crime
16890,horror
13907,drama
3843,western
13419,horror
9227,horror
19085,drama
16563,comedy
32826,drama
9466,horror
10221,comedy
32805,drama
7582,horror
7644,adventure
19914,horror
19196,drama
19661,drama
23217,action
13818,comedy
13443,comedy
20183,comedy
4289,western
18664,drama
22162,drama
24892,action
21035,action
32833,drama
13287,adventure
11317,thriller
34491,horror
13880,horror
22457,drama
5361,adventure
20957,drama
9403,western
5937,western
3107,drama
10430,action
6711,drama
28823,drama
3985,comedy
20983,crime
12504,western
13044,drama
14947,thriller
21991,drama
7683,thriller
19440,drama
33632,drama
12384,thriller
26263,romance
34027,action
10335,drama
20362,horror
5175,drama
11366,comedy
16670,comedy
7273,adventure
8171,comedy
11804,horror
19244,action
6344,thriller
19627,comedy
31161,drama
8566,thriller
10431,horror
4031,comedy
13842,action
12299,drama
16528,crime
10634,western
17237,horror
25191,action
11268,horror
11969,comedy
11689,crime
23990,comedy
5912,drama
28807,western
10919,horror
8799,drama
21785,horror
34525,thriller
10188,drama
32583,romance
4110,romance
12195,comedy
3862,comedy
3373,thriller
16140,drama
6193,comedy
22939,drama
10530,crime
11370,drama
6899,adventure
7148,adventure
17191,horror
9752,comedy
3270,horror
32166,romance
20855,crime
12031,drama
9890,action
4804,comedy
8847,western
20073,drama
28458,drama
30797,romance
6557,western
19899,thriller
12581,drama
5642,drama
11796,comedy
13281,drama
18788,drama
16979,drama
19593,comedy
13720,comedy
16134,drama
34088,romance
22229,comedy
18816,horror
3868,drama
16982,romance
14858,thriller
25061,romance
19262,comedy
27050,thriller
12006,drama
7436,drama
11905,thriller
14153,comedy
9591,thriller
10976,horror
19560,crime
4552,comedy
15778,comedy
12446,comedy
15375,western
25877,romance
12526,crime
22089,drama
18035,action
17345,comedy
34119,comedy
20491,horror
20666,romance
11968,crime
2988,romance
5633,comedy
25633,action
16093,horror
20534,comedy
16713,drama
26573,comedy
16036,thriller
13135,action
14961,comedy
19011,drama
28362,romance
4330,thriller
28415,horror
25030,action
22386,crime
31282,romance
10144,drama
30863,romance
32412,romance
4796,adventure
10819,comedy
6705,thriller
8536,horror
14141,comedy
14571,drama
26585,drama
23490,horror
7546,comedy
11398,action
18969,adventure
18758,drama
17594,drama
23271,adventure
33043,adventure
6927,comedy
22573,horror
21762,horror
9814,adventure
7968,comedy
11788,comedy
23968,drama
17608,comedy
14070,comedy
28528,drama
27521,romance
15743,horror
24010,thriller
9245,horror
14580,comedy
13970,comedy
22748,romance
11845,drama
8905,thriller
12561,western
6605,western
7230,comedy
20360,adventure
13601,action
32186,thriller
10058,crime
18681,western
19555,comedy
8043,comedy
23835,drama
14284,horror
18805,horror
10360,action
6556,adventure
11477,comedy
9914,action
19983,comedy
7477,drama
33704,comedy
5719,western
20865,comedy
25705,drama
9653,romance
13286,drama
26145,romance
32658,thriller
18735,romance
3116,comedy
20584,romance
16456,adventure
15423,comedy
4955,drama
23982,drama
23744,comedy
20361,crime
12054,western
9642,drama
20299,comedy
30784,action
5978,western
9235,action
12690,drama
6984,crime
19096,crime
11702,action
13198,drama
12832,drama
25961,drama
7836,western
30777,action
15166,adventure
12234,drama
3154,comedy
25324,adventure
20630,comedy
6925,crime
15542,drama
19497,adventure
32139,action
14259,horror
13996,horror
12481,western
14287,drama
32329,drama
33600,adventure
6440,western
4346,drama
30656,romance
11891,comedy
4902,comedy
16436,comedy
30852,action
10490,thriller
10438,action
12267,thriller
3253,drama
27001,action
8450,comedy
4527,drama
5637,western
25263,drama
32463,action
4601,drama
19486,comedy
31140,romance
31623,drama
8930,western
8748,action
14020,comedy
8055,comedy
5570,comedy
15327,western
12360,drama
6091,comedy
22196,drama
32394,romance
13614,comedy
19730,thriller
22595,western
30849,romance
28183,romance
16594,action
15492,drama
10684,drama
8152,comedy
17523,drama
12631,crime
17011,action
4272,comedy
13578,action
6917,drama
13277,comedy
4731,crime
31599,romance
11136,horror
13755,comedy
26467,drama
5122,western
11994,thriller
9310,horror
13695,comedy
9460,adventure
21895,thriller
16646,comedy
8157,drama
23425,western
5796,crime
6626,drama
13307,comedy
31661,drama
33681,thriller
9382,drama
16813,romance
5983,adventure
32325,romance
13301,crime
17969,drama
28071,thriller
3087,crime
10500,drama
34001,comedy
3819,adventure
10231,drama
14814,drama
11015,action
13555,horror
5534,western
4866,western
34155,drama
14705,comedy
5483,western
16218,crime
20942,thriller
19787,crime
8183,thriller
9430,horror
28591,crime
19559,adventure
7541,crime
21990,horror
13859,horror
31510,drama
18875,drama
19949,thriller
6089,drama
10138,comedy
33689,horror
12793,comedy
32634,thriller
14029,thriller
32984,drama
9269,crime
25195,drama
8441,comedy
9849,horror
5689,horror
10191,horror
8680,western
5977,drama
18848,drama
13073,thriller
16122,thriller
4790,comedy
3339,drama
24026,comedy
6279,western
20427,drama
10698,comedy
33553,crime
12840,thriller
3631,romance
30842,romance
19533,drama
20773,horror
11126,comedy
5574,drama
12155,thriller
20995,drama
23240,crime
10610,drama
7953,action
4528,horror
12776,crime
12860,drama
17521,drama
5957,comedy
22307,action
4370,crime
11188,adventure
16955,horror
5160,drama
8546,drama
19820,horror
26729,drama
9785,drama
24824,drama
28139,romance
9729,comedy
26593,thriller
8540,drama
6024,crime
18847,drama
4267,comedy
6975,western
21891,drama
25635,thriller
16011,thriller
20351,horror
31782,drama
23281,crime
9480,drama
11244,comedy
11213,comedy
18692,adventure
16116,drama
3179,comedy
13163,drama
4787,comedy
20271,drama
20586,comedy
5443,western
15567,comedy
14395,drama
32343,drama
21750,comedy
31235,romance
6442,crime
20347,thriller
16595,comedy
20386,horror
26564,drama
25683,drama
14022,comedy
16912,comedy
5895,horror
7437,adventure
5000,western
28048,drama
15248,crime
31617,drama
9994,comedy
3571,drama
12191,drama
20342,adventure
19077,adventure
5345,comedy
10388,crime
24535,drama
14656,crime
7462,drama
34503,thriller
7590,crime
6060,adventure
15621,horror
11319,comedy
23659,romance
19036,comedy
26847,drama
25548,comedy
8648,western
6592,adventure
7686,western
15391,drama
22299,drama
17689,romance
15052,comedy
17044,comedy
11947,crime
22187,comedy
20338,crime
13403,comedy
14878,thriller
25275,action
8955,drama
23962,drama
4534,western
12599,comedy
5518,adventure
26769,action
13207,drama
22333,drama
14051,drama
27406,drama
11681,drama
32297,drama
16661,thriller
4320,comedy
7411,crime
26875,drama
21100,thriller
7545,drama
8355,romance
30698,drama
6258,adventure
5523,comedy
16545,comedy
17816,drama
19646,crime
6815,drama
7293,drama
32460,romance
8004,adventure
3160,drama
13816,adventure
32135,action
6156,adventure
4711,crime
22863,drama
8760,comedy
22315,drama
6726,crime
6883,western
14583,thriller
26354,horror
8501,crime
14800,comedy
14453,horror
26685,comedy
6145,western
33549,comedy
8085,action
6796,crime
9687,crime
24873,romance
27371,comedy
19704,crime
15908,comedy
21923,drama
19824,adventure
11304,comedy
4607,thriller
8865,drama
20562,crime
5406,drama
24035,romance
13971,comedy
28793,romance
32401,romance
19317,thriller
15996,comedy
12687,thriller
18850,drama
5945,drama
19912,action
17660,drama
18756,crime
17166,thriller
19329,crime
5428,crime
4248,western
21867,comedy
14226,comedy
19659,thriller
20751,drama
31271,action
23817,drama
22308,drama
6652,drama
6181,western
25326,romance
19507,horror
4372,western
24804,comedy
20759,thriller
23675,romance
6616,comedy
20003,drama
8295,comedy
7902,comedy
9220,action
25369,romance
26914,drama
10930,romance
12558,drama
9247,comedy
14050,drama
22560,horror
12627,comedy
17858,comedy
17974,horror
7513,adventure
4613,comedy
28550,comedy
11787,horror
21731,drama
8610,romance
28157,drama
16819,drama
14516,romance
10179,crime
21876,drama
4931,drama
15103,horror
32119,crime
12636,action
11528,comedy
4628,crime
3796,drama
26764,drama
28233,romance
14626,thriller
10447,horror
15269,thriller
17686,comedy
23398,adventure
10718,horror
13098,drama
10273,comedy
30633,romance
12641,comedy
13145,drama
12215,horror
27310,romance
16759,comedy
25657,action
25655,action
16157,drama
5394,adventure
3669,comedy
5590,western
16954,horror
17897,comedy
8140,western
11400,western
10002,horror
28552,romance
28706,romance
30672,action
11623,western
25597,romance
30716,romance
13361,drama
4447,comedy
16506,horror
12095,comedy
14164,comedy
10655,drama
11495,comedy
6037,crime
7732,horror
21036,drama
3423,drama
16472,horror
13585,drama
19401,adventure
34509,action
7758,romance
12573,thriller
5861,crime
10316,crime
15951,comedy
32361,drama
15392,crime
27506,drama
11620,drama
34061,comedy
13390,comedy
18889,crime
15105,thriller
15019,comedy
6444,comedy
18637,drama
3097,comedy
10337,action
12568,crime
5559,adventure
7065,comedy
15610,comedy
12029,horror
27412,drama
13252,crime
25584,western
3614,crime
17770,crime
10908,adventure
3158,comedy
24294,romance
18957,western
4602,drama
11447,horror
32195,thriller
12707,crime
17455,comedy
11098,crime
23871,drama
17016,drama
10575,drama
9297,western
5682,romance
22250,crime
14174,drama
22900,romance
26580,comedy
24060,drama
8853,crime
12929,drama
9570,comedy
15399,horror
13359,drama
8740,drama
22803,comedy
9438,western
14484,drama
9262,western
10427,drama
22151,crime
27004,thriller
9744,horror
8511,drama
16793,comedy
5819,comedy
12735,drama
15538,comedy
3780,adventure
13550,western
3045,crime
32891,drama
34844,comedy
5623,drama
6597,crime
17207,horror
12225,action
32294,action
3926,western
12241,action
4847,drama
5372,action
17678,comedy
32975,thriller
7372,crime
14496,drama
16450,adventure
27565,romance
10448,western
23911,horror
4045,horror
9544,comedy
5917,adventure
22268,comedy
10850,comedy
13450,comedy
4942,comedy
7455,drama
16909,adventure
7649,drama
19088,adventure
6789,western
26653,comedy
34845,thriller
13341,crime
10954,horror
8246,action
3395,action
18573,adventure
34840,horror
16804,horror
13938,drama
25626,drama
9873,horror
7083,adventure
34514,adventure
13744,drama
17901,drama
9872,thriller
21931,thriller
6814,western
26973,comedy
19138,crime
31574,drama
11965,action
13418,horror
19655,comedy
11011,drama
14527,drama
9999,western
11193,horror
10010,drama
12669,horror
5973,western
28204,drama
9805,thriller
16905,comedy
22294,comedy
7760,crime
4387,crime
33094,romance
22418,drama
17525,western
16750,action
31563,romance
12739,horror
27078,action
9630,drama
4579,comedy
20481,thriller
11793,action
13360,comedy
17303,adventure
26305,romance
31159,comedy
7531,western
14708,drama
4358,drama
32544,romance
6677,drama
6911,crime
24049,action
20966,comedy
17808,drama
10217,drama
12131,action
19375,crime
19615,comedy
15126,horror
7075,western
28825,romance
6294,drama
19393,comedy
9647,comedy
7815,drama
15493,adventure
19341,crime
28471,romance
7352,comedy
15447,thriller
11534,comedy
19580,drama
12676,comedy
4952,comedy
20248,horror
17981,comedy
6110,drama
10793,thriller
19932,crime
19790,drama
31256,romance
10342,action
6900,action
11619,comedy
25816,crime
23754,drama
6791,drama
20982,drama
4423,crime
11064,crime
12039,drama
10128,drama
32549,romance
9972,thriller
30858,action
24827,drama
8011,drama
13833,comedy
23201,thriller
32488,drama
26844,drama
16252,comedy
3552,horror
7068,western
26625,thriller
13935,drama
3025,comedy
20226,drama
10579,drama
20185,thriller
22237,drama
28542,romance
13670,action
20469,drama
28688,drama
13793,comedy
6194,western
22404,drama
20478,romance
33040,action
4334,western
17860,romance
26806,comedy
7866,adventure
19512,comedy
31182,romance
24868,crime
11587,comedy
8160,adventure
34085,drama
30817,thriller
8172,comedy
11677,drama
30785,romance
19895,crime
19470,comedy
6878,thriller
5159,crime
32342,romance
11771,adventure
19629,western
24030,action
22101,horror
11794,adventure
10075,comedy
17886,drama
12465,thriller
6547,western
11971,thriller
6288,comedy
31668,comedy
28349,drama
31192,comedy
7182,crime
11868,drama
20101,comedy
23503,crime
8880,drama
31117,crime
